"time","purple","blue","green","yellow","orange","red"
"2015-04-01",318062,0,1,1,0,0
"2015-04-02",196389,2,0,0,0,0
"2015-04-03",47820,568,0,0,0,0
"2015-04-04",15260,3168,180,0,0,0
"2015-04-05",16232,2647,352,0,0,0
"2015-04-06",22482,2044,91,0,0,0
"2015-04-07",16408,2616,332,0,0,0
"2015-04-08",12778,3009,358,0,0,0
"2015-04-09",9861,2852,891,0,0,0
"2015-04-10",6912,2541,1394,52,0,0
"2015-04-11",5187,2217,1511,235,0,0
"2015-04-12",4729,2066,1486,328,0,0
"2015-04-13",12258,2428,705,51,0,0
"2015-04-14",13575,2434,690,14,0,0
"2015-04-15",6624,2300,1286,190,0,0
"2015-04-16",5509,2017,1236,478,0,0
"2015-04-17",9950,1964,771,324,0,0
"2015-04-18",3513,1644,1095,859,3,2
"2015-04-19",2379,1137,932,1233,99,0
"2015-04-20",2496,1239,890,1054,253,0
"2015-04-21",2300,1124,882,904,405,0
"2015-04-22",1922,979,731,977,435,0
"2015-04-23",2645,1227,788,853,279,0
"2015-04-24",2521,1114,650,677,608,0
"2015-04-25",3039,1329,793,674,117,16
"2015-04-26",2974,2670,670,430,70,0
"2015-04-27",1974,3297,571,450,103,0
"2015-04-28",2326,1687,679,642,278,0
"2015-04-29",1523,1068,517,715,723,0
"2015-04-30",2153,1293,694,562,713,21
"2015-05-01",1777,1017,544,645,824,13
"2015-05-02",1665,741,471,503,1261,53
"2015-05-03",1671,787,498,490,1171,43
"2015-05-04",1417,686,476,598,1052,87
"2015-05-05",1774,863,478,483,887,175
"2015-05-06",2011,959,566,553,734,131
"2015-05-07",1312,512,392,412,1330,325
"2015-05-08",1664,863,456,483,941,289
"2015-05-09",2274,1064,697,647,581,63
"2015-05-10",1452,612,420,475,1213,151
"2015-05-11",2008,726,401,320,890,496
"2015-05-12",1091,518,278,317,1016,567
"2015-05-13",955,424,297,270,980,798
"2015-05-14",993,404,245,243,846,959
"2015-05-15",909,374,273,268,681,1025
"2015-05-16",1095,548,380,342,599,742
"2015-05-17",974,471,304,275,520,869
"2015-05-18",939,401,277,299,592,768
"2015-05-19",4383,838,310,230,387,646
"2015-05-20",2005,816,487,408,548,464
"2015-05-21",883,383,254,262,497,866
"2015-05-22",694,342,213,250,427,776
"2015-05-23",914,309,193,286,329,1150
"2015-05-24",1065,451,306,334,285,872
"2015-05-25",1232,632,330,349,359,667
"2015-05-26",722,303,187,299,287,1232
"2015-05-27",732,316,248,275,240,1068
"2015-05-28",856,379,267,380,281,1121
"2015-05-29",727,243,181,358,232,1199
"2015-05-30",680,208,126,345,172,1160
"2015-05-31",623,259,184,358,221,1014
"2015-06-01",630,263,171,396,211,1083
"2015-06-02",859,385,243,398,246,1051
"2015-06-03",1297,587,369,455,301,704
"2015-06-04",841,375,299,382,299,906
"2015-06-05",565,220,170,314,206,899
